﻿<?xml version="1.0" encoding="utf-8" ?>
<c2eventsheet>
    <!--All the 'name' attributes are ignored by Construct 2 - they are there for readability only.-->
    <name>Event sheet 1</name>
    <events>
        <event-group description="" sid="193603104580864" title="Menus Trocas">
            <sub-events>
                <event-block sid="281980059021740">
                    <conditions>
                        <condition id="-7" name="Compare time" sid="230783021339800" type="System">
                            <param id="0" name="Comparison">0</param>
                            <param id="1" name="Time (seconds)">0.0</param>
                        </condition>
                    </conditions>
                    <actions>
                        <action id="-2" name="Go to layout" sid="411732841700456" type="System">
                            <param id="0" name="Layout">Menu</param>
                        </action>
                    </actions>
                </event-block>
                <event-block sid="147432675814195">
                    <conditions>
                        <condition id="6" name="On object clicked" sid="880551442861203" type="Mouse">
                            <param id="0" name="Mouse button">0</param>
                            <param id="1" name="Click type">0</param>
                            <param id="2" name="Object clicked">play</param>
                        </condition>
                    </conditions>
                    <actions>
                        <action id="-2" name="Go to layout" sid="762886292080773" type="System">
                            <param id="0" name="Layout">Scene 1</param>
                        </action>
                    </actions>
                </event-block>
            </sub-events>
        </event-group>
        <event-group description="fundo" sid="739519229678119" title="Background">
            <sub-events>
                <event-block sid="218932759600443">
                    <conditions>
                        <condition id="-2" name="On start of layout" sid="245132928556189" type="System" />
                    </conditions>
                    <actions>
                        <action behavior="Bullet" id="3" name="Set angle of motion" sid="142422603622674" type="Floresta">
                            <param id="0" name="Angle">180</param>
                        </action>
                    </actions>
                </event-block>
                <event-block sid="112649723708208">
                    <conditions>
                        <condition id="-1" name="Compare X" sid="999048346577556" type="Floresta">
                            <param id="0" name="Comparison">3</param>
                            <param id="1" name="X co-ordinate">-Self.Width / 2</param>
                        </condition>
                    </conditions>
                    <actions>
                        <action id="-1" name="Set X" sid="992603137572393" type="Floresta">
                            <param id="0" name="X">Self.X + Self.Width / 2</param>
                        </action>
                    </actions>
                </event-block>
            </sub-events>
        </event-group>
        <event-group description="player" sid="536285258757113" title="Knight">
            <sub-events>
                <event-block sid="113814727202019">
                    <conditions>
                        <condition behavior="Platform" id="2" name="Is on floor" sid="269274466204390" type="knight" />
                    </conditions>
                    <actions>
                        <action id="4" name="Set animation" sid="251806556177927" type="knight">
                            <param id="0" name="Animation">&quot;knightRunnerGun&quot;</param>
                            <param id="1" name="From">1</param>
                        </action>
                    </actions>
                </event-block>
                <event-block sid="528943540209523">
                    <conditions>
                        <condition behavior="Platform" id="5" name="On jump" sid="138405954784729" type="knight" />
                    </conditions>
                    <actions>
                        <action id="4" name="Set animation" sid="683395116493332" type="knight">
                            <param id="0" name="Animation">&quot;knightJumperGun&quot;</param>
                            <param id="1" name="From">1</param>
                        </action>
                    </actions>
                </event-block>
                <event-block sid="386191680749140">
                    <conditions>
                        <condition id="0" name="On key pressed" sid="127978458374072" type="Keyboard">
                            <param id="0" name="Key">70 (F)</param>
                        </condition>
                    </conditions>
                    <actions>
                        <action id="-3" name="Create object" sid="433288467077581" type="System">
                            <param id="0" name="Object to create">Bullet</param>
                            <param id="1" name="Layer">0</param>
                            <param id="2" name="X">knight.X + 17</param>
                            <param id="3" name="Y">knight.Y </param>
                        </action>
                    </actions>
                </event-block>
                <event-block sid="408186726329133">
                    <conditions>
                        <condition id="0" name="On key pressed" sid="780777435914417" type="Keyboard">
                            <param id="0" name="Key">32 (Space)</param>
                        </condition>
                    </conditions>
                    <actions>
                        <action behavior="Platform" id="7" name="Simulate control" sid="686840428146579" type="knight">
                            <param id="0" name="Control">2</param>
                        </action>
                    </actions>
                </event-block>
            </sub-events>
        </event-group>
        <event-group description="invocador" sid="704980002294842" title="Spawner">
            <sub-events>
                <event-block any="1" sid="467770373940017">
                    <conditions>
                        <condition id="-6" name="Every X seconds" sid="925586585424985" type="System">
                            <param id="0" name="Interval (seconds)">2.0</param>
                        </condition>
                    </conditions>
                    <actions>
                        <action id="-3" name="Create object" sid="359821441604620" type="System">
                            <param id="0" name="Object to create">StoneBall</param>
                            <param id="1" name="Layer">0</param>
                            <param id="2" name="X">SpawnController.X</param>
                            <param id="3" name="Y">SpawnController.Y</param>
                        </action>
                        <action behavior="Bullet" id="3" name="Set angle of motion" sid="138008328012978" type="StoneBall">
                            <param id="0" name="Angle">180</param>
                        </action>
                    </actions>
                </event-block>
                <event-block any="1" sid="145133569757178">
                    <conditions>
                        <condition id="-6" name="Every X seconds" sid="521921101578086" type="System">
                            <param id="0" name="Interval (seconds)">7.0</param>
                        </condition>
                    </conditions>
                    <actions>
                        <action id="-3" name="Create object" sid="245502862523783" type="System">
                            <param id="0" name="Object to create">BlackDragon</param>
                            <param id="1" name="Layer">0</param>
                            <param id="2" name="X">SpawnController.X</param>
                            <param id="3" name="Y">SpawnController.Y</param>
                        </action>
                        <action behavior="Bullet" id="3" name="Set angle of motion" sid="505908790402066" type="BlackDragon">
                            <param id="0" name="Angle">180</param>
                        </action>
                    </actions>
                </event-block>
                <event-block any="1" sid="185350305562812">
                    <conditions>
                        <condition id="-6" name="Every X seconds" sid="515933368135309" type="System">
                            <param id="0" name="Interval (seconds)">20.0</param>
                        </condition>
                    </conditions>
                    <actions>
                        <action id="-3" name="Create object" sid="322086605820531" type="System">
                            <param id="0" name="Object to create">GreenDragon</param>
                            <param id="1" name="Layer">0</param>
                            <param id="2" name="X">SpawnController.X</param>
                            <param id="3" name="Y">SpawnController.Y</param>
                        </action>
                        <action behavior="Bullet" id="3" name="Set angle of motion" sid="360131584359086" type="GreenDragon">
                            <param id="0" name="Angle">180</param>
                        </action>
                    </actions>
                </event-block>
            </sub-events>
        </event-group>
        <event-group description="Enemy 1" sid="824143922780261" title="Black Dragon">
            <sub-events>
                <event-block sid="426960787913795">
                    <conditions>
                        <condition behavior="Platform" id="2" name="Is on floor" sid="160308149524757" type="BlackDragon" />
                    </conditions>
                    <actions>
                        <action id="-3" name="Create object" sid="651309411338256" type="System">
                            <param id="0" name="Object to create">FireBall</param>
                            <param id="1" name="Layer">0</param>
                            <param id="2" name="X">BlackDragon.X</param>
                            <param id="3" name="Y">BlackDragon.Y</param>
                        </action>
                        <action behavior="Bullet" id="3" name="Set angle of motion" sid="111364990694504" type="FireBall">
                            <param id="0" name="Angle">180</param>
                        </action>
                    </actions>
                </event-block>
                <event-block sid="988849086750597">
                    <conditions>
                        <condition id="0" name="On collision with another object" sid="603732494252370" type="BlackDragon">
                            <param id="0" name="Object">colisaoChao</param>
                        </condition>
                    </conditions>
                    <actions>
                        <action behavior="Platform" id="7" name="Simulate control" sid="604768965115093" type="BlackDragon">
                            <param id="0" name="Control">2</param>
                        </action>
                    </actions>
                </event-block>
            </sub-events>
        </event-group>
        <event-group description="Enemy 2" sid="500982152821525" title="Green Dragon">
            <sub-events>
                <event-block sid="395460849007643">
                    <conditions>
                        <condition behavior="Platform" id="2" name="Is on floor" sid="598748913436604" type="GreenDragon" />
                    </conditions>
                    <actions>
                        <action id="-3" name="Create object" sid="791923984102167" type="System">
                            <param id="0" name="Object to create">FireBall</param>
                            <param id="1" name="Layer">0</param>
                            <param id="2" name="X">GreenDragon.X</param>
                            <param id="3" name="Y">GreenDragon.Y</param>
                        </action>
                        <action behavior="Bullet" id="3" name="Set angle of motion" sid="695436213853701" type="FireBall">
                            <param id="0" name="Angle">180</param>
                        </action>
                    </actions>
                </event-block>
                <event-block sid="113269965312474">
                    <conditions>
                        <condition id="0" name="On collision with another object" sid="789670698038851" type="GreenDragon">
                            <param id="0" name="Object">colisaoChao</param>
                        </condition>
                    </conditions>
                    <actions>
                        <action behavior="Platform" id="7" name="Simulate control" sid="821999077553288" type="GreenDragon">
                            <param id="0" name="Control">2</param>
                        </action>
                    </actions>
                </event-block>
            </sub-events>
        </event-group>
        <event-group description="Everbody" sid="502703451448789" title="Colisoes">
            <sub-events>
                <event-block sid="742944295624226">
                    <conditions>
                        <condition id="0" name="On collision with another object" sid="870541509784804" type="BlackDragon">
                            <param id="0" name="Object">Bullet</param>
                        </condition>
                    </conditions>
                    <actions>
                        <action id="-9" name="Destroy" sid="688183132970210" type="BlackDragon" />
                        <action id="-9" name="Destroy" sid="219694355041293" type="Bullet" />
                        <action id="-11" name="Add to" sid="448485011459053" type="pontosBlackDragon">
                            <param id="0" name="Instance variable">vpBlackDragon</param>
                            <param id="1" name="Value">3</param>
                        </action>
                        <action id="0" name="Set text" sid="965772269507624" type="pontosBlackDragon">
                            <param id="0" name="Text">pontosBlackDragon.vpBlackDragon</param>
                        </action>
                    </actions>
                </event-block>
                <event-block sid="316888599236425">
                    <conditions>
                        <condition id="0" name="On collision with another object" sid="599509078103067" type="BlackDragon">
                            <param id="0" name="Object">barraMorrer</param>
                        </condition>
                    </conditions>
                    <actions>
                        <action id="-9" name="Destroy" sid="169652513536346" type="BlackDragon" />
                        <action id="-12" name="Subtract from" sid="193901901691095" type="pontosLife">
                            <param id="0" name="Instance variable">vLife</param>
                            <param id="1" name="Value">1</param>
                        </action>
                        <action id="0" name="Set text" sid="601812731771801" type="pontosLife">
                            <param id="0" name="Text">pontosLife.vLife</param>
                        </action>
                    </actions>
                </event-block>
                <event-block sid="137321789367076">
                    <conditions>
                        <condition id="0" name="On collision with another object" sid="454348011752069" type="GreenDragon">
                            <param id="0" name="Object">Bullet</param>
                        </condition>
                    </conditions>
                    <actions>
                        <action id="-9" name="Destroy" sid="840313711538169" type="GreenDragon" />
                        <action id="-9" name="Destroy" sid="288918888692661" type="Bullet" />
                        <action id="-11" name="Add to" sid="420666671575302" type="pontosGreenDragon">
                            <param id="0" name="Instance variable">vpGreenDragon</param>
                            <param id="1" name="Value">7</param>
                        </action>
                        <action id="0" name="Set text" sid="401613941525628" type="pontosGreenDragon">
                            <param id="0" name="Text">pontosGreenDragon.vpGreenDragon</param>
                        </action>
                    </actions>
                </event-block>
                <event-block sid="165965398359551">
                    <conditions>
                        <condition id="0" name="On collision with another object" sid="248134107277229" type="GreenDragon">
                            <param id="0" name="Object">barraMorrer</param>
                        </condition>
                    </conditions>
                    <actions>
                        <action id="-9" name="Destroy" sid="685926557514319" type="GreenDragon" />
                        <action id="-12" name="Subtract from" sid="713673008284364" type="pontosLife">
                            <param id="0" name="Instance variable">vLife</param>
                            <param id="1" name="Value">1</param>
                        </action>
                        <action id="0" name="Set text" sid="740478913029501" type="pontosLife">
                            <param id="0" name="Text">pontosLife.vLife</param>
                        </action>
                    </actions>
                </event-block>
                <event-block sid="485225904211312">
                    <conditions>
                        <condition id="0" name="On collision with another object" sid="669911647252413" type="StoneBall">
                            <param id="0" name="Object">Bullet</param>
                        </condition>
                    </conditions>
                    <actions>
                        <action id="-9" name="Destroy" sid="691850339397160" type="StoneBall" />
                        <action id="-9" name="Destroy" sid="526594735875503" type="Bullet" />
                        <action id="-11" name="Add to" sid="982321610726652" type="pontosStone">
                            <param id="0" name="Instance variable">vpontosStone</param>
                            <param id="1" name="Value">1</param>
                        </action>
                        <action id="0" name="Set text" sid="862674282649752" type="pontosStone">
                            <param id="0" name="Text">pontosStone.vpontosStone</param>
                        </action>
                    </actions>
                </event-block>
                <event-block sid="231218445206840">
                    <conditions>
                        <condition id="0" name="On collision with another object" sid="960407556321895" type="StoneBall">
                            <param id="0" name="Object">barraMorrer</param>
                        </condition>
                    </conditions>
                    <actions>
                        <action id="-9" name="Destroy" sid="688653545018679" type="StoneBall" />
                        <action id="-12" name="Subtract from" sid="511944682946025" type="pontosLife">
                            <param id="0" name="Instance variable">vLife</param>
                            <param id="1" name="Value">1</param>
                        </action>
                        <action id="0" name="Set text" sid="519805897930015" type="pontosLife">
                            <param id="0" name="Text">pontosLife.vLife</param>
                        </action>
                    </actions>
                </event-block>
                <event-block sid="628415548147139">
                    <conditions>
                        <condition id="0" name="On collision with another object" sid="911215024635982" type="FireBall">
                            <param id="0" name="Object">barraMorrer</param>
                        </condition>
                    </conditions>
                    <actions>
                        <action id="-9" name="Destroy" sid="337535278433654" type="FireBall" />
                    </actions>
                </event-block>
            </sub-events>
        </event-group>
    </events>
</c2eventsheet>
